"","County","Type","Grouping","LowerBound","Median","UpperBound","COD","COV","PRD","PRB","Sales"
"2.5%","Statewide","2022","Statewide",0.11,0.11,0.11,57.03,68.73,1.05,0,4680
"2.5%1","Adams","2022","Countywide",0.11,0.12,0.13,39.81,52.46,1.01,0,61
"2.5%2","Allen","2022","Countywide",0.1,0.12,0.14,56.36,74.92,0.93,0,90
"2.5%3","Bartholomew","2022","Countywide",0.08,0.11,0.13,53.82,70,1.17,0,44
"2.5%4","Benton","2022","Countywide",0.12,0.14,0.18,40.36,46.41,1.11,0,36
"2.5%5","Blackford","2022","Countywide",0.11,0.14,0.22,46.75,46.63,1.1,0,20
"2.5%6","Boone","2022","Countywide",0.13,0.14,0.16,32.54,47.86,1.08,0,33
"2.5%7","Brown","2022","Countywide",0.02,0.04,0.06,121.78,116.06,1.25,0,35
"2.5%8","Carroll","2022","Countywide",0.13,0.15,0.17,36.23,44.59,1.06,0,48
"2.5%9","Cass","2022","Countywide",0.14,0.16,0.19,39.72,46.71,1.03,0,56
"2.5%10","Clark","2022","Countywide",0.06,0.09,0.12,63.78,68.23,1.06,0,47
"2.5%11","Clay","2022","Countywide",0.1,0.11,0.13,52.94,66.62,1.02,0,89
"2.5%12","Clinton","2022","Countywide",0.14,0.15,0.16,30.87,42.8,1.02,0,32
"2.5%13","Crawford","2022","Countywide",0.04,0.07,0.09,83.55,93.08,1.5,0,40
"2.5%14","Daviess","2022","Countywide",0.07,0.08,0.11,64.4,75.44,1.01,0,62
"2.5%15","Dearborn","2022","Countywide",0.02,0.03,0.04,185.12,134.28,1.22,0,58
"2.5%16","Decatur","2022","Countywide",0.11,0.14,0.18,44.05,53.83,1.17,0,35
"2.5%17","Dekalb","2022","Countywide",0.09,0.11,0.13,55.56,64.18,1.32,0,63
"2.5%18","Delaware","2022","Countywide",0.1,0.11,0.14,53.4,67.35,0.97,0,59
"2.5%19","Dubois","2022","Countywide",0.08,0.1,0.11,54.74,67.77,0.91,0,53
"2.5%20","Elkhart","2022","Countywide",0.09,0.11,0.12,40.24,52.36,1.1,0,35
"2.5%21","Fayette","2022","Countywide",0.08,0.11,0.13,47.92,59.48,1.07,0,28
"df_sp","Floyd","2022","Countywide",0.06,0.09,0.18,86.3,82.64,1.17,0,15
"2.5%22","Fountain","2022","Countywide",0.12,0.13,0.14,33.43,50.58,1.1,0,59
"2.5%23","Franklin","2022","Countywide",0.03,0.07,0.11,90.44,89.25,1.35,0,49
"2.5%24","Fulton","2022","Countywide",0.1,0.16,0.2,47.79,60.4,1.08,0,33
"2.5%25","Gibson","2022","Countywide",0.1,0.12,0.14,54.6,62.33,1.12,0,69
"2.5%26","Grant","2022","Countywide",0.11,0.12,0.13,36.65,48.95,1.16,0,68
"2.5%27","Greene","2022","Countywide",0.04,0.07,0.08,88,92.75,1.34,0,88
"2.5%28","Hamilton","2022","Countywide",0.12,0.13,0.14,25.01,40.65,0.99,0,20
"2.5%29","Hancock","2022","Countywide",0.11,0.14,0.19,42.81,49.8,0.99,0,33
"2.5%30","Harrison","2022","Countywide",0.06,0.08,0.12,67.16,72.3,1.17,0,59
"2.5%31","Hendricks","2022","Countywide",0.14,0.16,0.18,27.76,39.28,1.02,0,33
"2.5%32","Henry","2022","Countywide",0.1,0.12,0.15,47.08,57.46,1.06,0,54
"2.5%33","Howard","2022","Countywide",0.12,0.14,0.15,27.91,38.1,1,0,42
"2.5%34","Huntington","2022","Countywide",0.11,0.13,0.14,36.49,50.57,1.06,0,50
"2.5%35","Jackson","2022","Countywide",0.07,0.08,0.1,68.22,71.8,1.1,0,85
"2.5%36","Jasper","2022","Countywide",0.1,0.11,0.12,52.26,73.39,0.85,0,53
"2.5%37","Jay","2022","Countywide",0.08,0.09,0.11,46.96,61.49,1.13,0,56
"2.5%38","Jefferson","2022","Countywide",0.05,0.07,0.11,70.35,77.84,0.91,0,55
"2.5%39","Jennings","2022","Countywide",0.02,0.07,0.1,85.61,96.73,0.84,0,43
"2.5%40","Johnson","2022","Countywide",0.09,0.1,0.12,70.09,77.82,1.03,0,76
"2.5%41","Knox","2022","Countywide",0.13,0.16,0.19,42.75,52.79,1.11,0,41
"2.5%42","Kosciusko","2022","Countywide",0.09,0.12,0.14,68.15,77.36,1.08,0,58
"2.5%43","Lagrange","2022","Countywide",0.07,0.09,0.1,52.19,64.1,1.05,0,80
"2.5%44","Lake","2022","Countywide",0.08,0.12,0.16,51.82,64.77,0.96,0,21
"2.5%45","Laporte","2022","Countywide",0.09,0.11,0.12,50.29,59.34,0.99,0,83
"2.5%46","Lawrence","2022","Countywide",0.04,0.06,0.07,92.4,97.1,1.32,0,81
"2.5%47","Madison","2022","Countywide",0.11,0.12,0.15,50.23,63.15,0.9,0,55
"2.5%48","Marion","2022","Countywide",0.29,0.37,0.37,21.12,33.6,1.3,0,63
"2.5%49","Marshall","2022","Countywide",0.13,0.14,0.15,30.55,37.11,1.03,0,84
"2.5%50","Martin","2022","Countywide",0.04,0.06,0.09,107.86,98.21,1.3,0,42
"2.5%51","Miami","2022","Countywide",0.08,0.13,0.15,57.68,83.18,0.99,0,50
"2.5%52","Monroe","2022","Countywide",0.06,0.07,0.11,65.48,74.52,1.01,0,35
"2.5%53","Montgomery","2022","Countywide",0.04,0.1,0.12,53.59,77.91,0.81,0,41
"2.5%54","Morgan","2022","Countywide",0.07,0.13,0.15,53.93,74.72,1.05,0,30
"2.5%55","Newton","2022","Countywide",0.09,0.11,0.14,69.59,82.51,1.26,0,32
"2.5%56","Noble","2022","Countywide",0.11,0.13,0.16,37.38,49.76,1.06,0,54
"df_sp1","Ohio","2022","Countywide",0.04,0.07,0.18,97.9,77.34,1.37,0,14
"2.5%57","Orange","2022","Countywide",0.02,0.04,0.07,163.34,121.02,1.49,0,85
"2.5%58","Owen","2022","Countywide",0.05,0.06,0.1,96.97,86.12,1.15,0,77
"2.5%59","Parke","2022","Countywide",0.05,0.07,0.11,89.59,86.08,1.14,0,82
"2.5%60","Perry","2022","Countywide",0.04,0.06,0.1,94.26,92.57,1.05,0,56
"2.5%61","Pike","2022","Countywide",0.09,0.11,0.13,59.33,64.51,1.1,0,77
"2.5%62","Porter","2022","Countywide",0.09,0.1,0.12,39.02,46.47,1.06,0,42
"2.5%63","Posey","2022","Countywide",0.06,0.1,0.11,65.56,87.65,0.93,0,63
"2.5%64","Pulaski","2022","Countywide",0.12,0.16,0.21,47.44,54.64,1.13,0,52
"2.5%65","Putnam","2022","Countywide",0.07,0.1,0.13,62.54,70.79,1,0,64
"2.5%66","Randolph","2022","Countywide",0.1,0.11,0.13,34.41,44.15,1.07,0,39
"2.5%67","Ripley","2022","Countywide",0.09,0.1,0.13,53.24,63.7,0.96,0,58
"2.5%68","Rush","2022","Countywide",0.1,0.12,0.16,51.75,56.38,1.01,0,32
"2.5%69","Scott","2022","Countywide",0.09,0.1,0.18,74.84,72.88,1.1,0,37
"2.5%70","Shelby","2022","Countywide",0.09,0.12,0.13,58.31,76.51,1.06,0,56
"2.5%71","Spencer","2022","Countywide",0.07,0.08,0.1,48.11,62.63,1.02,0,53
"2.5%72","St. Joseph","2022","Countywide",0.1,0.12,0.14,39.79,50.29,1.19,0,41
"2.5%73","Starke","2022","Countywide",0.11,0.12,0.13,46.65,64.54,1.4,0,56
"2.5%74","Steuben","2022","Countywide",0.1,0.13,0.16,47.17,59.01,1.13,0,50
"2.5%75","Sullivan","2022","Countywide",0.09,0.15,0.17,47.68,63.37,1.05,0,35
"2.5%76","Switzerland","2022","Countywide",0.07,0.1,0.13,50.22,60.15,1.24,0,45
"2.5%77","Tippecanoe","2022","Countywide",0.08,0.12,0.16,58.36,64.98,1.08,0,45
"2.5%78","Tipton","2022","Countywide",0.1,0.12,0.14,31.21,42.05,0.99,0,23
"df_sp2","Union","2022","Countywide",0.08,0.11,0.15,47.37,53.93,0.99,0,16
"2.5%79","Vanderburgh","2022","Countywide",0.08,0.09,0.12,46.26,53.93,1.12,0,43
"2.5%80","Vermillion","2022","Countywide",0.12,0.14,0.18,49.71,56.74,1.11,0,39
"2.5%81","Vigo","2022","Countywide",0.1,0.14,0.18,57.3,66.81,1.03,0,54
"2.5%82","Wabash","2022","Countywide",0.13,0.16,0.16,28.33,44.21,1.06,0,49
"2.5%83","Warren","2022","Countywide",0.06,0.1,0.13,57.92,67.77,1,0,38
"2.5%84","Warrick","2022","Countywide",0.09,0.12,0.14,42.5,55.13,1.21,0,58
"2.5%85","Washington","2022","Countywide",0.08,0.1,0.15,76.66,73.14,1.52,0,65
"2.5%86","Wayne","2022","Countywide",0.12,0.13,0.16,47.76,56.12,0.96,0,72
"2.5%87","Wells","2022","Countywide",0.11,0.12,0.13,43.35,55.31,1.1,0,68
"2.5%88","White","2022","Countywide",0.12,0.14,0.14,31.74,48.41,1.08,0,43
"2.5%89","Whitley","2022","Countywide",0.09,0.11,0.14,34.12,39.12,1.06,0,39
"2.5%90","Statewide","2023","Statewide",0.13,0.13,0.13,57.08,68.79,1.03,0,3820
"2.5%91","Adams","2023","Countywide",0.12,0.14,0.18,40.03,42.13,1.02,0,60
"2.5%92","Allen","2023","Countywide",0.04,0.1,0.12,78.84,108.69,0.82,0,59
"2.5%93","Bartholomew","2023","Countywide",0.1,0.13,0.18,59.86,76.19,0.89,0,32
"2.5%94","Benton","2023","Countywide",0.13,0.16,0.17,20.61,27.57,1.08,0,25
"df_sp3","Blackford","2023","Countywide",0,0.08,0.12,81.71,109.14,0.63,0,9
"df_sp4","Boone","2023","Countywide",0.15,0.16,0.17,33.92,50.69,1.04,0,13
"2.5%95","Brown","2023","Countywide",0.02,0.06,0.12,146.47,121.48,0.67,0,29
"2.5%96","Carroll","2023","Countywide",0.14,0.17,0.2,26.41,33.42,1.04,0,36
"2.5%97","Cass","2023","Countywide",0.11,0.13,0.2,55.8,58.13,0.98,0,37
"2.5%98","Clark","2023","Countywide",0.03,0.06,0.1,122.27,118.69,0.93,0,39
"2.5%99","Clay","2023","Countywide",0.1,0.13,0.16,56.99,64.59,1.11,0,65
"2.5%100","Clinton","2023","Countywide",0.15,0.16,0.17,29.42,44.97,0.98,0,38
"2.5%101","Crawford","2023","Countywide",0.06,0.1,0.14,70.6,73.81,1.19,0,33
"2.5%102","Daviess","2023","Countywide",0.12,0.16,0.22,60.85,62.53,1.38,0,62
"2.5%103","Dearborn","2023","Countywide",0.04,0.08,0.13,81.92,82.86,0.95,0,32
"2.5%104","Decatur","2023","Countywide",0.13,0.14,0.15,30.73,47.12,1.02,0,32
"2.5%105","Dekalb","2023","Countywide",0.1,0.11,0.13,47.06,58.19,1.15,0,46
"2.5%106","Delaware","2023","Countywide",0.11,0.13,0.16,54.11,71.64,0.95,0,46
"2.5%107","Dubois","2023","Countywide",0.1,0.12,0.15,61.61,71.1,1.13,0,51
"2.5%108","Elkhart","2023","Countywide",0.1,0.14,0.17,44.86,57.17,0.97,0,32
"df_sp5","Fayette","2023","Countywide",0.07,0.12,0.18,53.98,64.14,0.96,0,14
"df_sp6","Floyd","2023","Countywide",0.04,0.1,0.11,52.42,75.72,0.93,0,12
"2.5%109","Fountain","2023","Countywide",0.14,0.16,0.18,29.84,45.05,1.03,0,41
"2.5%110","Franklin","2023","Countywide",0.07,0.1,0.15,89.78,86.58,1.04,0,45
"2.5%111","Fulton","2023","Countywide",0.16,0.18,0.21,35.62,43.69,1.01,0,30
"2.5%112","Gibson","2023","Countywide",0.12,0.14,0.15,46.9,62.75,1.17,0,59
"2.5%113","Grant","2023","Countywide",0.13,0.13,0.14,33.04,46.52,0.97,0,50
"2.5%114","Greene","2023","Countywide",0.04,0.06,0.1,133.98,104.09,1.14,0,79
"df_sp7","Hamilton","2023","Countywide",0.14,0.17,0.36,51.56,46.51,1.16,0,11
"df_sp8","Hancock","2023","Countywide",0.12,0.18,0.22,44.25,53.6,0.98,0,16
"2.5%115","Harrison","2023","Countywide",0.06,0.1,0.13,82.7,84.1,1.08,0,72
"2.5%116","Hendricks","2023","Countywide",0.17,0.19,0.21,26.41,36.58,1.13,0,31
"2.5%117","Henry","2023","Countywide",0.13,0.16,0.2,40.36,45.34,1.15,0,65
"2.5%118","Howard","2023","Countywide",0.16,0.17,0.2,25.42,36.29,1.08,0,36
"2.5%119","Huntington","2023","Countywide",0.15,0.18,0.2,37.19,47.02,1.02,0,31
"2.5%120","Jackson","2023","Countywide",0.07,0.09,0.12,69.35,72.29,1.06,0,94
"2.5%121","Jasper","2023","Countywide",0.12,0.14,0.15,58.25,80.71,0.96,0,60
"2.5%122","Jay","2023","Countywide",0.1,0.1,0.12,43.1,62.08,1.08,0,36
"2.5%123","Jefferson","2023","Countywide",0.07,0.1,0.13,69.34,79.62,1.23,0,38
"2.5%124","Jennings","2023","Countywide",0,0.08,0.09,97.09,113.54,0.86,0,59
"2.5%125","Johnson","2023","Countywide",0.08,0.1,0.12,53.44,74.63,0.96,0,20
"2.5%126","Knox","2023","Countywide",0.12,0.14,0.19,59.47,59.97,1.18,0,37
"2.5%127","Kosciusko","2023","Countywide",0.09,0.12,0.14,49.53,70.73,0.97,0,56
"2.5%128","Lagrange","2023","Countywide",0.06,0.08,0.1,66.42,75.34,1,0,56
"2.5%129","Lake","2023","Countywide",0.07,0.12,0.15,58.98,73.72,1.12,0,24
"2.5%130","Laporte","2023","Countywide",0.15,0.17,0.19,34.08,45.82,1.15,0,69
"2.5%131","Lawrence","2023","Countywide",0.06,0.08,0.1,80.17,82.32,1.14,0,82
"2.5%132","Madison","2023","Countywide",0.13,0.16,0.19,35.55,48.3,0.95,0,47
"2.5%133","Marion","2023","Countywide",0.35,0.37,0.37,11.01,21.04,1.27,0,34
"2.5%134","Marshall","2023","Countywide",0.14,0.17,0.2,41.99,52.53,1.03,0,50
"2.5%135","Martin","2023","Countywide",0.06,0.09,0.11,70.35,85.1,1.58,0,40
"2.5%136","Miami","2023","Countywide",0.09,0.13,0.15,60.12,85.22,0.86,0,61
"2.5%137","Monroe","2023","Countywide",0,0.03,0.14,238.82,124.83,1.14,0,20
"2.5%138","Montgomery","2023","Countywide",0.05,0.13,0.16,66.46,88.17,0.88,0,52
"df_sp9","Morgan","2023","Countywide",0.05,0.14,0.2,46.75,61.44,0.99,0,19
"2.5%139","Newton","2023","Countywide",0.14,0.15,0.16,35.24,46.2,1.1,0,40
"2.5%140","Noble","2023","Countywide",0.11,0.12,0.14,49.61,57.19,1.01,0,42
"1","Ohio","2023","Countywide",NA,NA,NA,NA,NA,NA,NA,0
"2.5%141","Orange","2023","Countywide",0.03,0.05,0.08,100.46,102.02,1.19,0,46
"2.5%142","Owen","2023","Countywide",0.07,0.11,0.16,74.3,74.28,0.91,0,44
"2.5%143","Parke","2023","Countywide",0.04,0.07,0.1,123.31,105.18,1.51,0,68
"2.5%144","Perry","2023","Countywide",0.04,0.06,0.07,109.96,105.83,1.38,0,42
"2.5%145","Pike","2023","Countywide",0.1,0.11,0.14,60.73,68.6,1.04,0,94
"2.5%146","Porter","2023","Countywide",0.12,0.15,0.18,39.8,51.8,1.05,0,34
"2.5%147","Posey","2023","Countywide",0.13,0.17,0.21,49.79,57.86,1.12,0,60
"2.5%148","Pulaski","2023","Countywide",0.14,0.14,0.16,28.82,38.68,1.01,0,33
"2.5%149","Putnam","2023","Countywide",0.11,0.14,0.18,45.76,57.59,1.15,0,44
"2.5%150","Randolph","2023","Countywide",0.12,0.14,0.16,35.83,50.78,1.08,0,53
"2.5%151","Ripley","2023","Countywide",0.07,0.09,0.12,80.97,82.13,1.11,0,47
"2.5%152","Rush","2023","Countywide",0.1,0.14,0.17,51.64,61.7,1,0,25
"2.5%153","Scott","2023","Countywide",0.11,0.14,0.17,45.21,61.59,1.02,0,23
"2.5%154","Shelby","2023","Countywide",0.13,0.14,0.15,41.59,53.98,1.09,0,45
"2.5%155","Spencer","2023","Countywide",0.08,0.15,0.19,76.08,79.76,1.2,0,48
"2.5%156","St. Joseph","2023","Countywide",0.08,0.12,0.14,61.71,71.84,0.99,0,28
"2.5%157","Starke","2023","Countywide",0.12,0.14,0.18,47.05,54.97,1.01,0,37
"2.5%158","Steuben","2023","Countywide",0.05,0.09,0.16,94.86,95.92,1.01,0,39
"2.5%159","Sullivan","2023","Countywide",0.1,0.13,0.17,60.03,74.44,1.02,0,45
"2.5%160","Switzerland","2023","Countywide",0.05,0.07,0.11,95,85.62,1.61,0,45
"2.5%161","Tippecanoe","2023","Countywide",0.11,0.13,0.16,47.97,57.11,1.16,0,40
"df_sp10","Tipton","2023","Countywide",0.01,0.11,0.15,65.49,91.28,0.78,0,15
"df_sp11","Union","2023","Countywide",0.09,0.13,0.19,63.89,68.4,0.82,0,15
"2.5%162","Vanderburgh","2023","Countywide",0.1,0.13,0.17,40.06,46.84,1.01,0,27
"2.5%163","Vermillion","2023","Countywide",0.17,0.23,0.27,39.29,53.2,0.93,0,21
"2.5%164","Vigo","2023","Countywide",0.07,0.1,0.13,64.19,75.72,1.1,0,46
"2.5%165","Wabash","2023","Countywide",0.13,0.14,0.16,35.82,52,1.01,0,60
"2.5%166","Warren","2023","Countywide",0.12,0.16,0.17,41.89,53.13,1.08,0,38
"2.5%167","Warrick","2023","Countywide",0.08,0.1,0.14,65.59,73.99,0.99,0,52
"2.5%168","Washington","2023","Countywide",0.07,0.11,0.15,66.94,76.69,1.31,0,49
"2.5%169","Wayne","2023","Countywide",0.12,0.15,0.18,36.17,44.53,1.03,0,47
"2.5%170","Wells","2023","Countywide",0.13,0.14,0.17,34.25,42.36,1.11,0,54
"2.5%171","White","2023","Countywide",0.13,0.17,0.18,32.84,44.73,1.08,0,26
"2.5%172","Whitley","2023","Countywide",0.09,0.11,0.16,53.76,58.13,1.16,0,22
"2.5%173","Statewide","2024","Statewide",0.14,0.15,0.16,49.78,62.15,1.03,0,851
"2.5%174","Adams","2024","Countywide",0.13,0.16,0.17,32.51,49.07,1,0,32
"2.5%175","Allen","2024","Countywide",0.11,0.14,0.19,46,57.55,1,0,22
"df_sp12","Bartholomew","2024","Countywide",0.05,0.13,0.18,53.35,67.76,0.87,0,14
"df_sp13","Benton","2024","Countywide",0.16,0.17,0.21,16.43,22.82,0.93,0,8
"df_sp14","Blackford","2024","Countywide",0.06,0.17,0.27,50.39,69.11,1,0,8
"df_sp15","Boone","2024","Countywide",0.08,0.27,0.39,32.43,47.57,1.05,0,5
"df_sp16","Brown","2024","Countywide",0,0.04,0.15,113.65,108.64,0.82,0,10
"11","Carroll","2024","Countywide",NA,NA,NA,NA,NA,NA,NA,0
"df_sp17","Cass","2024","Countywide",0.12,0.15,0.2,35.23,45.54,0.95,0,10
"df_sp18","Clark","2024","Countywide",0.04,0.06,0.17,87.99,75.54,0.73,0,7
"df_sp19","Clay","2024","Countywide",0.05,0.09,0.16,86.62,91.74,1.29,0,15
"12","Clinton","2024","Countywide",NA,NA,NA,NA,NA,NA,NA,0
"13","Crawford","2024","Countywide",NA,NA,NA,NA,NA,NA,NA,0
"df_sp20","Daviess","2024","Countywide",0.02,0.26,0.38,46.92,76.21,0.91,0,5
"df_sp21","Dearborn","2024","Countywide",0.06,0.06,0.12,60.86,60.03,0.78,0,9
"14","Decatur","2024","Countywide",NA,NA,NA,NA,NA,NA,NA,0
"df_sp22","Dekalb","2024","Countywide",0.12,0.18,0.19,41.57,54.81,0.98,0,15
"df_sp23","Delaware","2024","Countywide",0.15,0.2,0.25,34.14,51.83,1.02,0,14
"2.5%176","Dubois","2024","Countywide",0.04,0.1,0.2,110.58,101.06,1.86,0,26
"15","Elkhart","2024","Countywide",NA,NA,NA,NA,NA,NA,NA,0
"df_sp24","Fayette","2024","Countywide",0.11,0.17,0.19,29.65,40.23,1.1,0,11
"df_sp25","Floyd","2024","Countywide",0.02,0.11,0.27,47.22,72.76,1,0,5
"2.5%177","Fountain","2024","Countywide",0.14,0.17,0.19,35.59,50.12,1.19,0,21
"df_sp26","Franklin","2024","Countywide",0.04,0.1,0.11,58.46,90.15,1.02,0,8
"16","Fulton","2024","Countywide",NA,NA,NA,NA,NA,NA,NA,0
"17","Gibson","2024","Countywide",NA,NA,NA,NA,NA,NA,NA,0
"df_sp27","Grant","2024","Countywide",0.13,0.15,0.16,27.5,42.62,0.98,0,17
"18","Greene","2024","Countywide",NA,NA,NA,NA,NA,NA,NA,0
"df_sp28","Hamilton","2024","Countywide",0.17,0.3,0.3,26.46,51.87,2.28,0,7
"df_sp29","Hancock","2024","Countywide",0.05,0.15,0.25,38.06,49.64,0.94,0,5
"2.5%178","Harrison","2024","Countywide",0.06,0.11,0.17,64.26,67.87,1.16,0,24
"df_sp30","Hendricks","2024","Countywide",0.15,0.19,0.21,12.44,18.42,1.03,0,7
"df_sp31","Henry","2024","Countywide",0.17,0.18,0.21,21.49,31.14,0.99,0,19
"df_sp32","Howard","2024","Countywide",0.17,0.2,0.23,14.3,18.39,1.12,0,7
"df_sp33","Huntington","2024","Countywide",0.18,0.23,0.29,30.91,37.42,1.09,0,10
"2.5%179","Jackson","2024","Countywide",0.07,0.11,0.14,63.64,68.84,1.14,0,27
"2.5%180","Jasper","2024","Countywide",0.15,0.17,0.27,62.53,65.39,1.07,0,24
"df_sp34","Jay","2024","Countywide",0.09,0.12,0.15,36.77,47.53,1,0,19
"19","Jefferson","2024","Countywide",NA,NA,NA,NA,NA,NA,NA,0
"110","Jennings","2024","Countywide",NA,NA,NA,NA,NA,NA,NA,0
"111","Johnson","2024","Countywide",NA,NA,NA,NA,NA,NA,NA,0
"112","Knox","2024","Countywide",NA,NA,NA,NA,NA,NA,NA,0
"df_sp35","Kosciusko","2024","Countywide",0.12,0.15,0.21,57.01,76.34,1.02,0,17
"df_sp36","Lagrange","2024","Countywide",0.1,0.13,0.19,52.51,57.95,1.13,0,18
"113","Lake","2024","Countywide",NA,NA,NA,NA,NA,NA,NA,0
"df_sp37","Laporte","2024","Countywide",0.12,0.16,0.24,41.89,50.08,1.17,0,14
"df_sp38","Lawrence","2024","Countywide",0.05,0.09,0.11,62.92,75.8,1.09,0,16
"df_sp39","Madison","2024","Countywide",0.15,0.17,0.2,22.79,30.05,1.23,0,9
"114","Marion","2024","Countywide",NA,NA,NA,NA,NA,NA,NA,0
"115","Marshall","2024","Countywide",NA,NA,NA,NA,NA,NA,NA,0
"df_sp40","Martin","2024","Countywide",0,0.07,0.17,57.92,75.09,0.92,0,5
"2.5%181","Miami","2024","Countywide",0.16,0.17,0.2,26.04,37.44,1,0,29
"df_sp41","Monroe","2024","Countywide",0,0.02,0.15,305.45,126.2,1.22,0,14
"116","Montgomery","2024","Countywide",NA,NA,NA,NA,NA,NA,NA,0
"117","Morgan","2024","Countywide",NA,NA,NA,NA,NA,NA,NA,0
"118","Newton","2024","Countywide",NA,NA,NA,NA,NA,NA,NA,0
"df_sp42","Noble","2024","Countywide",0.13,0.22,0.27,28.94,41.08,0.97,0,7
"119","Ohio","2024","Countywide",NA,NA,NA,NA,NA,NA,NA,0
"120","Orange","2024","Countywide",NA,NA,NA,NA,NA,NA,NA,0
"2.5%182","Owen","2024","Countywide",0.05,0.12,0.23,83.04,82.02,1.04,0,24
"df_sp43","Parke","2024","Countywide",0.04,0.05,0.2,140.8,107.66,1.75,0,13
"121","Perry","2024","Countywide",NA,NA,NA,NA,NA,NA,NA,0
"2.5%183","Pike","2024","Countywide",0.09,0.13,0.19,62.9,70.72,1.13,0,26
"df_sp44","Porter","2024","Countywide",0.11,0.14,0.18,37.95,49.49,0.97,0,14
"df_sp45","Posey","2024","Countywide",0.09,0.12,0.15,23.19,28.27,1.15,0,12
"122","Pulaski","2024","Countywide",NA,NA,NA,NA,NA,NA,NA,0
"df_sp46","Putnam","2024","Countywide",0.09,0.13,0.17,44.98,55.01,0.88,0,12
"123","Randolph","2024","Countywide",NA,NA,NA,NA,NA,NA,NA,0
"df_sp47","Ripley","2024","Countywide",0.16,0.18,0.22,37.5,48.13,0.91,0,19
"124","Rush","2024","Countywide",NA,NA,NA,NA,NA,NA,NA,0
"125","Scott","2024","Countywide",NA,NA,NA,NA,NA,NA,NA,0
"df_sp48","Shelby","2024","Countywide",0.08,0.15,0.4,87.09,78.5,0.76,0,8
"126","Spencer","2024","Countywide",NA,NA,NA,NA,NA,NA,NA,0
"df_sp49","St. Joseph","2024","Countywide",0.13,0.2,0.22,31.57,46.39,1.09,0,9
"2.5%184","Starke","2024","Countywide",0.14,0.21,0.25,36.91,45.38,0.95,0,20
"127","Steuben","2024","Countywide",NA,NA,NA,NA,NA,NA,NA,0
"2.5%185","Sullivan","2024","Countywide",0.08,0.13,0.2,71.24,74.09,0.93,0,23
"df_sp50","Switzerland","2024","Countywide",0.05,0.07,0.14,124.07,100.03,1.42,0,12
"128","Tippecanoe","2024","Countywide",NA,NA,NA,NA,NA,NA,NA,0
"129","Tipton","2024","Countywide",NA,NA,NA,NA,NA,NA,NA,0
"130","Union","2024","Countywide",NA,NA,NA,NA,NA,NA,NA,0
"df_sp51","Vanderburgh","2024","Countywide",0.09,0.13,0.3,54.77,63.2,1.1,0,7
"131","Vermillion","2024","Countywide",NA,NA,NA,NA,NA,NA,NA,0
"df_sp52","Vigo","2024","Countywide",0.11,0.17,0.21,43.61,56.23,1.2,0,12
"df_sp53","Wabash","2024","Countywide",0.13,0.15,0.17,15.42,20.07,1,0,10
"132","Warren","2024","Countywide",NA,NA,NA,NA,NA,NA,NA,0
"133","Warrick","2024","Countywide",NA,NA,NA,NA,NA,NA,NA,0
"df_sp54","Washington","2024","Countywide",0.05,0.09,0.17,104.33,89.75,1.08,0,17
"df_sp55","Wayne","2024","Countywide",0.12,0.16,0.21,38.56,49.34,1.12,0,18
"2.5%186","Wells","2024","Countywide",0.14,0.17,0.2,23.52,27.72,1.06,0,24
"134","White","2024","Countywide",NA,NA,NA,NA,NA,NA,NA,0
"df_sp56","Whitley","2024","Countywide",0.11,0.15,0.17,42.39,68.5,1.39,0,13
